0,aplic
1,caracteriz
2,central
3,colet
4,competent
5,compreensã
6,contextual
7,contribuiçã
8,dad
9,detalh
10,didát
11,empreg
12,empír
13,eou
14,estimul
15,estratég
16,etap
17,evolu
18,explic
19,facilit
20,futur
21,longitudinal
22,observ
23,organizacion
24,orient
25,papel
26,particip
27,perspect
28,pesquis
29,pressupost
30,principal
31,proced
32,proposiçã
33,prátic
34,qualit
35,roteir
36,suger
37,teóric
38,tip
39,técnic
40,utiliz
41,administr
42,ambient
43,ambiental
44,anos
45,bas
46,brasileir
47,camp
48,capac
49,cas
50,complex
51,construçã
52,context
53,contribuiçõ
54,corpor
55,cris
56,demonstr
57,desempenh
58,desenvolv
59,destac
60,dinâm
61,discutes
62,econôm
63,element
64,empres
65,entrev
66,estrutur
67,evident
68,explor
69,extern
70,fator
71,fundamental
72,govern
73,idad
74,import
75,long
76,original
77,períod
78,propões
79,relacion
80,relev
81,semiestrutur
82,setor
83,sid
84,teor
85,trajetór
86,últim
87,agreg
88,analis
89,ano
90,apoi
91,atu
92,aument
93,benefíci
94,característ
95,competit
96,conceit
97,concorrent
98,conduçã
99,cons
100,continu
101,diferenc
102,discussã
103,eficient
104,eficác
105,empresari
106,estud
107,evidenc
108,expansã
109,ferraz
110,grup
111,indic
112,intuit
113,merc
114,model
115,mudanc
116,ofert
117,originalidaderelev
118,permit
119,polít
120,prec
121,process
122,públic
123,qualidad
124,realiz
125,referent
126,secundári
127,servic
128,silv
129,social
130,telecomunic
131,trabalh
132,transform
133,trat
134,verific
135,agress
136,antecedent
137,assunçã
138,bibliográf
139,busc
140,carát
141,categor
142,comport
143,compost
144,conceitual
145,consolid
146,contribu
147,descrit
148,dimensã
149,dimensõ
150,empreendedor
151,específ
152,exist
153,exploratóri
154,financeir
155,gestor
156,gestã
157,indíci
158,inovat
159,lacun
160,melhor
161,negóci
162,organiz
163,organizacional
164,potenc
165,present
166,proativ
167,propor
168,red
169,risc
170,send
171,soc
172,sustent
173,usad
174,útil
175,acadêm
176,assoc
177,brasil
178,cad
179,capabil
180,conhec
181,construt
182,efeit
183,efet
184,eficaz
185,envolv
186,feit
187,identific
188,influênc
189,investig
190,lin
191,manufatur
192,moder
193,pol
194,produçã
195,profund
196,questionári
197,regressã
198,respost
199,segu
200,supriment
201,tecnolog
202,vari
203,vist
204,aport
205,aspect
206,auxili
207,avali
208,açõ
209,capacit
210,catarin
211,consider
212,constru
213,construtiv
214,construíd
215,curs
216,decisóri
217,development
218,distânc
219,escal
220,escol
221,evasã
222,existent
223,geraçã
224,instrument
225,knowledg
226,mcdac
227,metodolog
228,moodl
229,multicritéri
230,múltipl
231,necess
232,necessári
233,nív
234,objet
235,observas
236,percepçã
237,percepçõ
238,planej
239,proknowc
240,propost
241,quo
242,refer
243,result
244,sant
245,seleçã
246,servidor
247,subsidi
248,utilizous
249,valor
250,via
251,agend
252,ampli
253,aprendizag
254,assembl
255,barganh
256,cooper
257,cresciment
258,dentr
259,documental
260,empresarial
261,episódi
262,event
263,favorec
264,foc
265,fortalec
266,fusã
267,gerencial
268,ident
269,implant
270,inform
271,inib
272,inserçã
273,instituiçã
274,intercooper
275,legitim
276,nãofusã
277,ocorr
278,opçã
279,program
280,promov
281,realizous
282,regulatór
283,representat
284,signific
285,situaçã
286,vis
287,votant
288,únic
289,adequ
290,agroindustrial
291,ali
292,ativ
293,comuns
294,construct
295,conteúd
296,criaçã
297,dificuldad
298,engaj
299,entend
300,especial
301,foment
302,fornec
303,inov
304,instrumental
305,juríd
306,lançament
307,levant
308,mostr
309,parc
310,particul
311,posicion
312,priv
313,problem
314,questõ
315,realidad
316,semelh
317,temát
318,tratas
319,adot
320,alto
321,and
322,apresent
323,artig
324,assunt
325,atitud
326,autor
327,científ
328,crític
329,decisõ
330,definiçõ
331,escalã
332,exerc
333,finkelstein
334,font
335,frent
336,hambrick
337,interpret
338,leadership
339,lider
340,livr
341,metodológ
342,obra
343,organizations
344,orig
345,posiçõ
346,princip
347,revisã
348,sugestõ
349,tem
350,text
351,top
352,validad
353,abert
354,alinh
355,ascensã
356,atlast
357,component
358,cruzament
359,destacas
360,disponív
361,document
362,educacion
363,fundament
364,grounded
365,indivídu
366,matriz
367,primári
368,produt
369,projet
370,qualific
371,relatóri
372,saúd
373,seguint
374,softwar
375,theory
376,vid
377,compõ
378,control
379,determin
380,encontr
381,export
382,facil
383,ger
384,grau
385,heterogen
386,ifdm
387,infer
388,influenc
389,infraestrutur
390,min
391,municípi
392,ocup
393,painel
394,parâmetr
395,possu
396,presenc
397,probabil
398,proporcion
399,reduz
400,regional
401,relaçõ
402,rend
403,sent
404,sociedad
405,socioeconôm
406,tax
407,univers
408,índic
409,afet
410,ampliaçã
411,avanc
412,banc
413,carênc
414,crédit
415,diretriz
416,fat
417,institucion
418,institucional
419,isomorf
420,ligaçã
421,mecan
422,normat
423,percebeus
424,procur
425,agronegóci
426,baix
427,client
428,constat
429,cultur
430,decisã
431,direcion
432,discussõ
433,entrant
434,equip
435,escass
436,esforc
437,espac
438,fenômen
439,flor
440,forc
441,framework
442,human
443,ibiapab
444,institut
445,intangív
446,intens
447,obter
448,podes
449,poss
450,possibil
451,produtor
452,recurs
453,rival
454,satisf
455,serr
456,superior
457,suport
458,tom
459,trip
460,volt
461,êxit
462,órgã
463,antecip
464,atençã
465,compet
466,compreend
467,descrev
468,desencad
469,exploratór
470,formaçã
471,gerent
472,habil
473,ide
474,indústr
475,intermédi
476,invest
477,mercadológ
478,mod
479,natur
480,oportun
481,pequen
482,port
483,resid
484,rotin
485,tendênc
486,entant
487,instituiçõ
488,ise
489,limit
490,multinacion
491,nacional
492,pressõ
493,respons
494,rsc
495,sofr
496,verificous
497,cenári
498,execut
499,funçã
500,interess
501,internacion
502,internacional
503,internacionaliz
504,multidimensional
505,ocorrent
506,oei
507,subsídi
508,sul
509,term
510,triangul
511,vinícol
512,ênfas
513,atend
514,autom
515,cunh
516,cust
517,demand
518,diagnóst
519,estabelec
520,intern
521,interrel
522,logíst
523,olhar
524,oper
525,primár
526,real
527,vantag
528,vend
529,abord
530,based
531,complet
532,concluius
533,debat
534,estudi
535,firm
536,form
537,global
538,impact
539,implic
540,inexistent
541,inser
542,inter
543,linh
544,maneir
545,med
546,penros
547,periód
548,public
549,rbv
550,respeit
551,revisõ
552,sintetiz
553,uso
554,view
555,ajud
556,antiét
557,atual
558,confront
559,decid
560,discut
561,equívoc
562,filosóf
563,líd
564,mund
565,precis
566,professor
567,requisit
568,étic
569,conclu
570,constatous
571,contínu
572,formul
573,ganh
574,integr
575,maior
576,posit
577,prevident
578,visã
579,atribut
580,classific
581,convenient
582,cort
583,cost
584,divers
585,elabor
586,essenc
587,ferrament
588,inteligent
589,plen
590,setorial
591,tradicion
592,transversal
593,acord
594,agênc
595,alcanc
596,arranj
597,ator
598,barreir
599,consequent
600,escop
601,experient
602,exterior
603,independent
604,industrial
605,méd
606,peiex
607,perfil
608,pmes
609,ppes
610,promoçã
611,propõ
612,reduçã
613,sucess
614,complement
615,compromet
616,configur
617,drivers
618,entidad
619,estrutural
620,federal
621,fornecedor
622,fund
623,país
624,sej
625,alfa
626,altern
627,analys
628,benchmark
629,capit
630,contempl
631,dea
632,fii
633,houv
634,investidor
635,obtid
636,otimiz
637,perd
638,plan
639,quantit
640,relat
641,retorn
642,san
643,super
644,tend
645,variável
646,acirr
647,declíni
648,desafi
649,deus
650,enfrent
651,especif
652,garant
653,igrej
654,iurd
655,lucr
656,motiv
657,pesso
658,rein
659,simil
660,sug
661,capital
662,concluis
663,confirm
664,estát
665,hipótes
666,list
667,persistent
668,cicl
669,curv
670,destin
671,esquem
672,lug
673,méxic
674,turist
675,abordagens
676,alta
677,capaz
678,coloc
679,cri
680,matur
681,mud
682,pontual
683,surg
684,utilizas
685,absolut
686,anterior
687,concluím
688,corrupçã
689,emns
690,estrangeir
691,loc
692,portugal
693,portugues
694,receptor
695,subsidiár
696,usand
697,aquisiçã
698,auxíli
699,bancári
700,bop
701,comercial
702,empreend
703,imobiliári
704,objetivas
705,observous
706,popul
707,segment
708,viabil
709,bibliométr
710,citaçõ
711,clássic
712,cocit
713,conceitu
714,conclusã
715,corrent
716,fatorial
717,funcion
718,marketing
719,mensur
720,mesm
721,scienc
722,semin
723,web
724,áre
725,aprendiz
726,conflit
727,estímul
728,frequent
729,híbr
730,impulsion
731,lev
732,part
733,potencial
734,propósit
735,tecnológ
736,tensõ
737,tipolog
738,viv
739,arte
740,consens
741,management
742,performanc
743,predomin
744,traz
745,aerotrópol
746,implement
747,marcant
748,mpe
749,regiã
750,visualiz
751,ating
752,categoriz
753,caus
754,desalinh
755,diret
756,escolh
757,feedback
758,met
759,missã
760,sad
761,consid
762,contáb
763,curt
764,dependent
765,econom
766,endivid
767,impost
768,negat
769,oferec
770,oner
771,pagament
772,praz
773,aprend
774,combin
775,falh
776,fic
777,fraquez
778,incert
779,premiss
780,soluçõ
781,usam
782,açã
783,correspond
784,desigualdad
785,divid
786,equidad
787,esfer
788,fort
789,gêner
790,mulh
791,nacion
792,represent
793,ser
794,turism
795,turíst
796,adoçã
797,ajust
798,cognit
799,definiçã
800,dissemin
801,ensin
802,estabil
803,luz
804,map
805,módul
806,possibilit
807,sistem
808,ameac
809,colabor
810,constant
811,desenvolveus
812,inclu
813,industri
814,lucrat
815,obtençã
816,selecion
817,sobrevivent
818,teec
819,têxtil
820,vantagens
821,absorçã
822,baseias
823,divulg
824,linkedin
825,transferent
826,aferiçã
827,cear
828,condiçã
829,localiz
830,mostrous
831,ordem
832,anim
833,conceptualiz
834,consumidor
835,governament
836,manutençã
837,operacionaliz
838,mapeament
839,mediçã
840,mobiliz
841,operacional
842,preocup
843,produz
844,receit
845,sinerg
846,total
847,conect
848,conjunt
849,intelectu
850,intelectual
851,revel
852,ótic
853,adapt
854,deu
855,iníci
856,perceb
857,pergunt
858,turnaround
859,vbr
860,époc
861,ciênc
862,conform
863,critéri
864,janeir
865,padrõ
866,parqu
867,pressã
868,replic
869,rio
870,stps
871,condicion
872,condiçõ
873,dirigent
874,estatíst
875,fech
876,ies
877,introdu
878,likert
879,packag
880,respondent
881,spss
882,statistical
883,survey
884,tabul
885,taref
886,the
887,tratament
888,versã
889,acess
890,confianc
891,déc
892,emergent
893,fgi
894,interorganizacion
895,micr
896,mpmes
897,administration
898,destaqu
899,encontrams
900,estági
901,evolut
902,fragment
903,genér
904,iii
905,particular
906,percebes
907,portifóli
908,review
909,aplicous
910,cont
911,educ
912,intervençã
913,paran
914,simul
915,tornas
916,evolucionár
917,incorpor
918,necessár
919,pertinent
920,própr
921,recent
922,resenh
923,contrat
924,direit
925,informal
926,leg
927,paranaens
928,propriedad
929,proteçã
930,pôdes
931,tecnific
932,transaçã
933,achad
934,aproxim
935,cit
936,examin
937,obras
938,optous
939,palavraschav
940,tct
941,viável
942,entrad
943,franqu
944,franqueador
945,mexican
946,distribuiçã
947,equaçõ
948,modelag
949,glob
950,quadr
951,compar
952,compens
953,compromiss
954,metropolitan
955,mey
956,salári
957,variânc
958,hot
959,rse
960,sector
961,tamanh
962,estav
963,máxim
964,proprietári
965,atuaçã
966,concepçã
967,concepçõ
968,constituíd
969,disponibil
970,ensai
971,estrateg
972,final
973,formaliz
974,narrat
975,objetiv
976,processual
977,racional
978,fusõ
979,moment
980,razõ
981,simpl
982,itens
983,medi
984,possív
985,proposiçõ
986,compartilh
987,relacional
988,vitór
989,consultor
990,fas
991,inicial
992,médi
993,necessit
994,opiniã
995,renov
996,requer
997,comum
998,hard
999,tqm
1000,apont
1001,criativ
1002,discricionariedad
1003,flexibil
1004,gerenc
1005,pod
1006,prospector
1007,reflet
1008,caminh
1009,gary
1010,hamel
1011,marc
1012,revolu
1013,analít
1014,cidad
1015,conduz
1016,cultural
1017,estil
1018,identificous
1019,mil
1020,snow
1021,deliber
1022,dirig
1023,junt
1024,membr
1025,nonak
1026,pap
1027,confiabil
1028,crescent
1029,dispers
1030,pme
1031,softw
1032,test
1033,execu
1034,fragil
1035,pesquisa
1036,propôs
1037,tópic
1038,absort
1039,sensu
1040,skandianavigator
1041,tocant
1042,ols
1043,respond
1044,típic
1045,volum
1046,ans
1047,aprimor
1048,articul
1049,comunic
1050,equilíbri
1051,padroniz
1052,trac
1053,conclusõ
1054,difícil
1055,discurs
1056,razã
1057,alicerc
1058,business
1059,dezess
1060,economics
1061,englob
1062,portfóli
1063,stakeholders
1064,tenh
1065,torn
1066,contingencial
1067,lid
1068,moviment
1069,referencial
1070,graduaçã
1071,matrícul
1072,maximiz
1073,yield
1074,eaespfgv
1075,mobil
1076,intercâmbi
1077,valios
1078,citaçã
1079,conexã
1080,pensament
1081,perm
1082,viabiliz
1083,acion
1084,financeiriz
1085,quantidad
1086,riquez
1087,centr
1088,inferior
1089,anu
1090,baseous
1091,casnav
1092,cuj
1093,exercíci
1094,fatur
1095,orçament
1096,pratic
1097,restriçõ
1098,whittington
1099,ichij
1100,krogh
1101,multinacional
1102,von
1103,campus
1104,empresári
1105,monitor
1106,tems
1107,tocantins
1108,inflexã
1109,practic
1110,sensemaking
1111,strategy
1112,sugeres
1113,ambidestr
1114,dynamic
1115,rar
1116,atribuíd
1117,físic
1118,mediador
1119,norteamerican
1120,widen
1121,consist
1122,tinh
1123,bat
1124,condut
1125,decorrent
1126,diretor
1127,franj
1128,interf
1129,oligopóli
1130,reposiçã
1131,arcabouc
1132,benefic
1133,chav
1134,difusã
1135,dinam
1136,âmbit
1137,alter
1138,experimental
1139,lei
1140,patrocin
1141,construcion
1142,dia
1143,palavr
1144,profissional
1145,buscous
1146,revist
1147,unidad
1148,cap
1149,conceptu
1150,evolucionári
1151,aut
1152,correl
1153,imag
1154,mannwhitney
1155,consideras
1156,eoa
1157,secundár
1158,págin
1159,ampla
1160,globaliz
1161,unid
1162,club
1163,futebol
1164,míd
1165,saliênc
1166,urgênc
1167,conglomer
1168,exigent
1169,oficin
1170,roadmapping
1171,rod
1172,sessõ
1173,alun
1174,main
1175,ileg
1176,ilicitud
1177,ilícit
1178,muit
1179,primeir
1180,journal
1181,agent
1182,bsc
1183,tdi
1184,traduçã
1185,consegu
1186,alianc
1187,coorden
1188,inic
1189,aquisiçõ
1190,valid
1191,modific
1192,apl
1193,apls
1194,class
1195,milit
1196,sga
1197,influent
1198,sécul
1199,carateríst
1200,dispersã
1201,electromecân
1202,carg
1203,diferencial
1204,homens
1205,pretendes
1206,algar
1207,telecom
1208,estruturacion
1209,famili
1210,alemãs
1211,respect
1212,balanced
1213,laboratóri
1214,scorecard
1215,bpep
1216,efqm
1217,european
1218,meg
1219,pontuaçã
1220,ado
1221,cronbach
1222,munificent
1223,amér
1224,expatri
1225,extrínsec
1226,intrínsec
1227,japones
1228,latin
1229,produtosservic
1230,aglomer
1231,agrup
1232,sujeit
1233,mnb
1234,corrobor
1235,håkonsson
1236,agricultor
1237,agricultur
1238,rural
1239,applied
1240,entrepreneurship
1241,innovation
1242,international
1243,inimit
1244,raridad
1245,extensã
1246,coopetiçã
1247,scrm
1248,seeking
1249,agropecuár
1250,domíni
1251,hospital
1252,hoteleir
1253,recrut
1254,distint
1255,enfatiz
1256,postur
1257,vincul
1258,histór
1259,sucroenergét
1260,ecm
1261,ect
1262,jamg
