0,compet
1,context
2,didá
3,empreg
4,estratég
5,evoluç
6,futur
7,longitud
8,observ
9,organizac
10,papel
11,particip
12,perspec
13,pressupost
14,proced
15,prát
16,qualit
17,teór
18,administr
19,ambi
20,ambient
21,brasil
22,capac
23,complex
24,construç
25,corpor
26,cris
27,desempenh
28,desenvolv
29,destac
30,dinâm
31,discutes
32,econôm
33,empr
34,entrev
35,estrutur
36,explor
37,extern
38,fat
39,governanç
40,idad
41,original
42,períod
43,propões
44,relacion
45,semiestrutur
46,teor
47,trajetór
48,agreg
49,apoi
50,benefíci
51,caracterís
52,competit
53,conceit
54,concorr
55,conduç
56,cons
57,diferenci
58,efici
59,eficác
60,empresar
61,estrut
62,expans
63,grup
64,indic
65,intuit
66,merc
67,model
68,mudanç
69,ofert
70,polít
71,preç
72,process
73,públic
74,secund
75,serviç
76,telecomunic
77,transform
78,agress
79,anteced
80,assunç
81,carát
82,competi
83,comport
84,compost
85,consolid
86,dimens
87,empreend
88,empreendedor
89,específ
90,exploratóri
91,financ
92,ges
93,gest
94,indíci
95,inovat
96,lacun
97,negóci
98,organiz
99,potenc
100,proat
101,prop
102,risc
103,sustent
104,us
105,útil
106,acadêm
107,associ
108,capabil
109,conhec
110,construt
111,efeit
112,efet
113,eficaz
114,envolv
115,feit
116,line
117,manufat
118,moder
119,pol
120,produç
121,profund
122,question
123,regress
124,respost
125,segu
126,supr
127,tecnolog
128,aport
129,aspect
130,açõ
131,capacit
132,catarin
133,consider
134,constru
135,construtiv
136,curs
137,decisóri
138,development
139,escal
140,escol
141,evas
142,instrument
143,knowledg
144,mcdac
145,moodl
146,multicrit
147,múltipl
148,percepç
149,planej
150,proknowc
151,quo
152,ref
153,result
154,sant
155,seleç
156,serv
157,subsidi
158,val
159,via
160,agend
161,aprendiz
162,assembl
163,assemble
164,barganh
165,cooper
166,cresc
167,dentr
168,episódi
169,event
170,favorec
171,fortalec
172,fusã
173,gerenc
174,ident
175,implant
176,inform
177,inib
178,inserç
179,institu
180,intercooper
181,legitim
182,nãofus
183,objet
184,opç
185,program
186,promov
187,regulatór
188,representat
189,signific
190,situ
191,vot
192,agroindustr
193,ativ
194,comum
195,construct
196,conteúd
197,dificuldad
198,engaj
199,foment
200,fornec
201,inov
202,juríd
203,lanç
204,parc
205,particul
206,posicion
207,priv
208,problem
209,real
210,semelh
211,temá
212,adot
213,and
214,assunt
215,atitud
216,crít
217,decis
218,defin
219,exerc
220,finkelstein
221,font
222,frent
223,hambrick
224,interpret
225,leadership
226,lideranç
227,metodológ
228,organizatiom
229,orig
230,permitir
231,pos
232,relac
233,sugest
234,text
235,top
236,validad
237,abert
238,alinh
239,ascens
240,atlast
241,compon
242,cruz
243,destacas
244,dispon
245,educac
246,grounded
247,indivídu
248,matriz
249,produt
250,qualific
251,relatóri
252,saúd
253,seguint
254,theory
255,compõ
256,control
257,determin
258,encontr
259,export
260,govern
261,grau
262,heterogene
263,ifdm
264,infer
265,infraestrut
266,min
267,municípi
268,ocup
269,painel
270,parâmetr
271,presenç
272,probabil
273,proporcion
274,reduz
275,region
276,rend
277,sent
278,sociedad
279,socioeconôm
280,tax
281,univers
282,índic
283,afet
284,banc
285,car
286,crédit
287,diretriz
288,instituc
289,isomorf
290,lig
291,mecan
292,norm
293,percebeus
294,proc
295,proporc
296,agronegóci
297,baix
298,client
299,constat
300,cult
301,direc
302,equip
303,escass
304,esforç
305,espaç
306,fenômen
307,fl
308,forç
309,framework
310,human
311,ibiapab
312,institut
313,intang
314,intens
315,podes
316,possibil
317,produ
318,recurs
319,rival
320,satisf
321,serr
322,superi
323,tripé
324,êxit
325,órg
326,antecip
327,atenç
328,descrev
329,desencade
330,exploratór
331,form
332,gerent
333,habil
334,ide
335,indústr
336,intermédi
337,invest
338,mercadológ
339,mod
340,natur
341,oportun
342,pequen
343,resid
344,rotin
345,tend
346,ise
347,limit
348,multinac
349,nacion
350,press
351,respons
352,sofr
353,verificous
354,caracteriz
355,execu
356,funç
357,interess
358,internac
359,internacion
360,multidimensional
361,subsídi
362,sul
363,term
364,triangul
365,vinícol
366,ênfas
367,atend
368,autom
369,cunh
370,cust
371,demand
372,diagnóst
373,estabelec
374,intern
375,interrel
376,logís
377,olh
378,oper
379,primár
380,vantag
381,vend
382,abord
383,based
384,complet
385,concluius
386,debat
387,estudi
388,firm
389,glob
390,impact
391,impl
392,inexist
393,influenci
394,inser
395,inter
396,linh
397,man
398,med
399,penros
400,periód
401,public
402,rbv
403,respeit
404,sintetiz
405,view
406,ajud
407,antié
408,confront
409,decid
410,equívoc
411,filosóf
412,líd
413,mund
414,precis
415,profes
416,requisit
417,étic
418,conclu
419,constatous
420,contínu
421,formul
422,ganh
423,integr
424,mai
425,posi
426,previd
427,atribut
428,conveni
429,cost
430,divers
431,essenc
432,ferrament
433,intelig
434,plen
435,setor
436,tradic
437,transvers
438,acord
439,agênc
440,alcanç
441,arranj
442,at
443,barre
444,consequ
445,escop
446,experi
447,exteri
448,independ
449,industr
450,méd
451,peiex
452,perfil
453,pme
454,ppe
455,promoç
456,propõ
457,reduç
458,sucess
459,complement
460,compromet
461,configur
462,driv
463,entidad
464,feder
465,fund
466,país
467,alf
468,altern
469,analysil
470,benchmark
471,capit
472,contempl
473,dea
474,fii
475,houv
476,otimiz
477,perd
478,plan
479,quantit
480,relat
481,retorn
482,san
483,super
484,acirr
485,declíni
486,desafi
487,deu
488,enfrent
489,especific
490,igrej
491,iurd
492,lucr
493,motiv
494,pesso
495,rein
496,hipótes
497,list
498,persist
499,cicl
500,curv
501,destin
502,esquem
503,lug
504,méxic
505,turist
506,capaz
507,coloc
508,matur
509,mud
510,pontual
511,surg
512,utilizas
513,absolut
514,anteri
515,concluím
516,corrupç
517,estrang
518,portug
519,portugu
520,recep
521,subsidiár
522,aquis
523,auxíli
524,comerc
525,imobili
526,objetivas
527,observous
528,popul
529,segment
530,viabil
531,bibliométr
532,cit
533,cláss
534,cocit
535,corr
536,fator
537,func
538,marketing
539,mensur
540,mesm
541,scienc
542,web
543,aprend
544,conflit
545,estímul
546,frequ
547,híbr
548,impuls
549,part
550,propósit
551,tecnológ
552,tipolog
553,viv
554,art
555,consens
556,management
557,performanc
558,predomin
559,aerotrópol
560,implement
561,marc
562,mpe
563,reg
564,visual
565,ating
566,caus
567,desalinh
568,diret
569,feedback
570,met
571,miss
572,sad
573,consid
574,contábel
575,curt
576,depend
577,econom
578,endivid
579,impost
580,nega
581,oferec
582,oner
583,pag
584,praz
585,combin
586,falh
587,fic
588,fraqu
589,incert
590,pessoal
591,premiss
592,soluç
593,açã
594,correspond
595,desigualdad
596,divid
597,equidad
598,esf
599,gêner
600,mulh
601,tur
602,turís
603,adoç
604,ajust
605,cogni
606,dissemin
607,ensin
608,estabil
609,luz
610,map
611,módul
612,sistem
613,ameaç
614,colabor
615,const
616,desenvolveus
617,facilit
618,inclu
619,lucrat
620,selec
621,sobreviv
622,teec
623,têxtil
624,absorç
625,baseias
626,divulg
627,linkedin
628,transfer
629,afer
630,ce
631,mostrous
632,ord
633,anim
634,conceptu
635,consum
636,governament
637,manutenç
638,operacionaliz
639,mape
640,mobil
641,operac
642,preocup
643,produz
644,receit
645,sinerg
646,total
647,conect
648,conjunt
649,intelect
650,revel
651,ótic
652,adapt
653,iníci
654,perceb
655,pergunt
656,turnaround
657,vbr
658,époc
659,ciênc
660,conform
661,critéri
662,jan
663,padr
664,parqu
665,replic
666,rio
667,stp
668,condicion
669,dirig
670,estatís
671,fech
672,ie
673,implic
674,introduç
675,likert
676,packag
677,sps
678,statistic
679,survey
680,tabul
681,taref
682,the
683,vers
684,acess
685,confianç
686,déc
687,emerg
688,fgi
689,interorganizac
690,micr
691,mpm
692,administration
693,destaqu
694,encontrams
695,estági
696,evolu
697,fragment
698,genér
699,particular
700,percebes
701,portifóli
702,review
703,aplicous
704,cont
705,educ
706,intervenç
707,paran
708,simul
709,tornas
710,evolucionár
711,incorpor
712,necessár
713,pertin
714,própr
715,recent
716,resenh
717,contrat
718,direit
719,legal
720,parana
721,propriedad
722,proteç
723,pôdes
724,tecnific
725,trans
726,ach
727,aproxim
728,examin
729,optous
730,palavraschav
731,tct
732,vi
733,franqu
734,franque
735,mexic
736,distribu
737,equaç
738,quadr
739,compar
740,compens
741,compromiss
742,metropolit
743,mey
744,salári
745,hotel
746,rse
747,sec
748,tamanh
749,est
750,máx
751,propriet
752,concepç
753,constitu
754,disponibil
755,ensai
756,estrateg
757,formal
758,narr
759,objetiv
760,racional
761,ra
762,simpl
763,it
764,medi
765,compartilh
766,funcion
767,inf
768,vitór
769,consult
770,especi
771,fas
772,inic
773,médi
774,necessit
775,operacion
776,opin
777,renov
778,requer
779,hard
780,tqm
781,apont
782,criat
783,discricionariedad
784,flexibil
785,pod
786,prospec
787,reflet
788,caminh
789,gary
790,hamel
791,lider
792,revoluç
793,analí
794,cidad
795,estil
796,identificous
797,snow
798,deliber
799,junt
800,membr
801,nonak
802,sinte
803,confi
804,dispers
805,multidimens
806,test
807,execuç
808,fragil
809,propô
810,tópic
811,absor
812,sensu
813,skandianaviga
814,toc
815,especial
816,ol
817,típic
818,volum
819,am
820,aprimor
821,articul
822,comunic
823,equilíbri
824,padron
825,traç
826,difícil
827,discurs
828,alicerc
829,busines
830,dezessel
831,economic
832,englob
833,portfóli
834,stakehold
835,tenh
836,torn
837,conting
838,lid
839,mov
840,gradu
841,matrícul
842,maxim
843,yield
844,eaespfgv
845,intercâmbi
846,vali
847,conex
848,pens
849,perme
850,acion
851,financeir
852,quant
853,riqu
854,inferi
855,anual
856,baseous
857,casnav
858,cuj
859,exercíci
860,fatur
861,orçament
862,pratic
863,restr
864,whittington
865,gerenci
866,ichij
867,krogh
868,von
869,campu
870,empres
871,monitor
872,tems
873,tocantim
874,inflex
875,pract
876,sensemaking
877,strategy
878,sugeres
879,ambidestr
880,dynamic
881,rar
882,atribu
883,físic
884,norteameric
885,widen
886,consist
887,tinh
888,bat
889,condut
890,decorr
891,dire
892,franj
893,interf
894,oligopóli
895,repos
896,arcabouç
897,benefic
898,chav
899,difus
900,dinam
901,âmbit
902,alter
903,experiment
904,lei
905,metodologic
906,patrocin
907,construcion
908,dia
909,palavr
910,profiss
911,buscous
912,revist
913,unidad
914,cap
915,concept
916,evolucion
917,aut
918,correl
919,imag
920,mannwhitney
921,consideras
922,eoa
923,secundár
924,págin
925,ampl
926,global
927,unid
928,club
929,futebol
930,míd
931,sali
932,urg
933,conglomer
934,direcion
935,exig
936,oficin
937,roadmapping
938,rod
939,sess
940,alun
941,main
942,ileg
943,ilicitud
944,ilícit
945,muit
946,agent
947,bsc
948,tdi
949,traduç
950,conseg
951,alianç
952,coorden
953,inici
954,valid
955,modific
956,apl
957,cl
958,cole
959,milit
960,sga
961,sécul
962,caraterís
963,electromecân
964,carg
965,difer
966,hom
967,pretendes
968,alg
969,telecom
970,estrutura
971,famili
972,alemã
973,respec
974,balanced
975,laboratóri
976,scorecard
977,bpep
978,efqm
979,european
980,meg
981,pontu
982,ado
983,cronbach
984,munific
985,amér
986,expatri
987,extrínsec
988,intrínsec
989,japon
990,latin
991,procur
992,produtosserviç
993,aglomer
994,agrup
995,sujeit
996,mnb
997,corrobor
998,håkonsson
999,agricul
1000,agricult
1001,rural
1002,applied
1003,entrepreneurship
1004,innovation
1005,internat
1006,inimit
1007,raridad
1008,extens
1009,coopet
1010,scrm
1011,seeking
1012,agropecuár
1013,domíni
1014,hospital
1015,recrut
1016,selecion
1017,distint
1018,enfatiz
1019,post
1020,vincul
1021,histór
1022,sucroenergé
1023,ect
1024,jamg
